{
    "root_group": {
        "groups": {},
        "checks": {
                "Sync User Load status is 200 or 201": {
                    "id": "4aa0aa5c2056a0953890c102ee63cefa",
                    "passes": 100,
                    "fails": 0,
                    "name": "Sync User Load status is 200 or 201",
                    "path": "::Sync User Load status is 200 or 201"
                },
                "Dashboard Load status is 200 or 201": {
                    "passes": 100,
                    "fails": 0,
                    "name": "Dashboard Load status is 200 or 201",
                    "path": "::Dashboard Load status is 200 or 201",
                    "id": "d6cd85e9e6709bf865a361a037ded7fc"
                },
                "Timeline Load status is 200 or 201": {
                    "passes": 100,
                    "fails": 0,
                    "name": "Timeline Load status is 200 or 201",
                    "path": "::Timeline Load status is 200 or 201",
                    "id": "2ed964f6c64cf8a44cda7d8873f39146"
                },
                "Public Feed Load status is 200 or 201": {
                    "id": "941ad1b6cfcc2032c1300efd16c35871",
                    "passes": 100,
                    "fails": 0,
                    "name": "Public Feed Load status is 200 or 201",
                    "path": "::Public Feed Load status is 200 or 201"
                }
            },
        "name": "",
        "path": "",
        "id": "d41d8cd98f00b204e9800998ecf8427e"
    },
    "metrics": {
        "iteration_duration": {
            "avg": 33727.72868199999,
            "min": 28539.6037,
            "med": 33769.01795,
            "max": 39078.9407,
            "p(90)": 37603.91856,
            "p(95)": 38090.628690000005
        },
        "http_req_connecting": {
            "min": 0,
            "med": 0,
            "max": 6.7809,
            "p(90)": 1.9067,
            "p(95)": 2.8197,
            "avg": 0.4954425
        },
        "checks": {
            "passes": 400,
            "fails": 0,
            "value": 1
        },
        "vus_max": {
            "max": 100,
            "value": 100,
            "min": 100
        },
        "http_req_failed": {
            "passes": 0,
            "fails": 400,
            "value": 0
        },
        "http_req_duration{expected_response:true}": {
            "p(95)": 13573.674739999991,
            "avg": 6368.684975000003,
            "min": 357.5551,
            "med": 5815.7172,
            "max": 14776.5305,
            "p(90)": 12734.609620000001
        },
        "http_req_duration": {
            "p(90)": 12734.609620000001,
            "p(95)": 13573.674739999991,
            "avg": 6368.684975000003,
            "min": 357.5551,
            "med": 5815.7172,
            "max": 14776.5305
        },
        "http_reqs": {
            "count": 400,
            "rate": 10.234378918847632
        },
        "http_req_tls_handshaking": {
            "min": 0,
            "med": 0,
            "max": 0,
            "p(90)": 0,
            "p(95)": 0,
            "avg": 0
        },
        "http_req_waiting": {
            "min": 356.2852,
            "med": 5815.0655,
            "max": 14776.5305,
            "p(90)": 12734.609620000001,
            "p(95)": 13573.643894999992,
            "avg": 6368.413184500003
        },
        "http_req_blocked": {
            "avg": 4.851403499999999,
            "min": 0,
            "med": 0,
            "max": 22.623,
            "p(90)": 19.785140000000002,
            "p(95)": 20.3804
        },
        "data_received": {
            "count": 1501681,
            "rate": 38421.93092308508
        },
        "iterations": {
            "count": 100,
            "rate": 2.558594729711908
        },
        "data_sent": {
            "rate": 1787.2807624929562,
            "count": 69854
        },
        "http_req_sending": {
            "max": 1.4017,
            "p(90)": 0.6338,
            "p(95)": 0.7679,
            "avg": 0.10398550000000001,
            "min": 0,
            "med": 0
        },
        "http_req_receiving": {
            "avg": 0.167805,
            "min": 0,
            "med": 0,
            "max": 2.9175,
            "p(90)": 0.6280900000000001,
            "p(95)": 0.840704999999997
        },
        "vus": {
            "value": 2,
            "min": 2,
            "max": 100
        }
    }
}