{
    "root_group": {
        "id": "d41d8cd98f00b204e9800998ecf8427e",
        "groups": {},
        "checks": {
                "Sync User Load status is 200 or 201": {
                    "id": "4aa0aa5c2056a0953890c102ee63cefa",
                    "passes": 22,
                    "fails": 0,
                    "name": "Sync User Load status is 200 or 201",
                    "path": "::Sync User Load status is 200 or 201"
                },
                "Dashboard Load status is 200 or 201": {
                    "id": "d6cd85e9e6709bf865a361a037ded7fc",
                    "passes": 22,
                    "fails": 0,
                    "name": "Dashboard Load status is 200 or 201",
                    "path": "::Dashboard Load status is 200 or 201"
                },
                "Timeline Load status is 200 or 201": {
                    "path": "::Timeline Load status is 200 or 201",
                    "id": "2ed964f6c64cf8a44cda7d8873f39146",
                    "passes": 22,
                    "fails": 0,
                    "name": "Timeline Load status is 200 or 201"
                },
                "Public Feed Load status is 200 or 201": {
                    "name": "Public Feed Load status is 200 or 201",
                    "path": "::Public Feed Load status is 200 or 201",
                    "id": "941ad1b6cfcc2032c1300efd16c35871",
                    "passes": 22,
                    "fails": 0
                }
            },
        "name": "",
        "path": ""
    },
    "metrics": {
        "http_req_connecting": {
            "p(90)": 0.5243,
            "p(95)": 0.5243,
            "avg": 0.05957954545454547,
            "min": 0,
            "med": 0,
            "max": 0.5243
        },
        "checks": {
            "passes": 88,
            "fails": 0,
            "value": 1
        },
        "data_received": {
            "count": 331476,
            "rate": 11336.545452585473
        },
        "http_reqs": {
            "rate": 3.009617588686727,
            "count": 88
        },
        "http_req_duration": {
            "avg": 539.4786943181815,
            "min": 309.9367,
            "med": 360.98924999999997,
            "max": 2013.5857,
            "p(90)": 973.83847,
            "p(95)": 1737.1240249999933
        },
        "iteration_duration": {
            "med": 10922.016,
            "max": 13642.6161,
            "p(90)": 12780.94583,
            "p(95)": 12937.249175,
            "avg": 10904.864318181819,
            "min": 7754.3067
        },
        "http_req_failed": {
            "fails": 88,
            "passes": 0,
            "value": 0
        },
        "http_req_tls_handshaking": {
            "avg": 0,
            "min": 0,
            "med": 0,
            "max": 0,
            "p(90)": 0,
            "p(95)": 0
        },
        "iterations": {
            "count": 22,
            "rate": 0.7524043971716817
        },
        "vus_max": {
            "value": 10,
            "min": 10,
            "max": 10
        },
        "http_req_duration{expected_response:true}": {
            "avg": 539.4786943181815,
            "min": 309.9367,
            "med": 360.98924999999997,
            "max": 2013.5857,
            "p(90)": 973.83847,
            "p(95)": 1737.1240249999933
        },
        "data_sent": {
            "count": 15368,
            "rate": 525.5886716242911
        },
        "http_req_waiting": {
            "med": 360.62715000000003,
            "max": 2013.5857,
            "p(90)": 973.83847,
            "p(95)": 1736.9333449999936,
            "avg": 539.3397193181814,
            "min": 309.9367
        },
        "http_req_receiving": {
            "max": 1.02,
            "p(90)": 0.56917,
            "p(95)": 0.5782349999999999,
            "avg": 0.13897500000000002,
            "min": 0,
            "med": 0
        },
        "vus": {
            "value": 1,
            "min": 1,
            "max": 10
        },
        "http_req_sending": {
            "max": 0,
            "p(90)": 0,
            "p(95)": 0,
            "avg": 0,
            "min": 0,
            "med": 0
        },
        "http_req_blocked": {
            "p(95)": 9.6654,
            "avg": 1.0983409090909093,
            "min": 0,
            "med": 0,
            "max": 9.6654,
            "p(90)": 9.6654
        }
    }
}