{
    "root_group": {
        "name": "",
        "path": "",
        "id": "d41d8cd98f00b204e9800998ecf8427e",
        "groups": {},
        "checks": {
                "Sync User Load status is 200 or 201": {
                    "name": "Sync User Load status is 200 or 201",
                    "path": "::Sync User Load status is 200 or 201",
                    "id": "4aa0aa5c2056a0953890c102ee63cefa",
                    "passes": 73,
                    "fails": 0
                },
                "Dashboard Load status is 200 or 201": {
                    "id": "d6cd85e9e6709bf865a361a037ded7fc",
                    "passes": 73,
                    "fails": 0,
                    "name": "Dashboard Load status is 200 or 201",
                    "path": "::Dashboard Load status is 200 or 201"
                },
                "Timeline Load status is 200 or 201": {
                    "path": "::Timeline Load status is 200 or 201",
                    "id": "2ed964f6c64cf8a44cda7d8873f39146",
                    "passes": 73,
                    "fails": 0,
                    "name": "Timeline Load status is 200 or 201"
                },
                "Public Feed Load status is 200 or 201": {
                    "name": "Public Feed Load status is 200 or 201",
                    "path": "::Public Feed Load status is 200 or 201",
                    "id": "941ad1b6cfcc2032c1300efd16c35871",
                    "passes": 73,
                    "fails": 0
                }
            }
    },
    "metrics": {
        "iterations": {
            "count": 73,
            "rate": 2.1228326082628928
        },
        "http_reqs": {
            "count": 292,
            "rate": 8.491330433051571
        },
        "http_req_connecting": {
            "p(95)": 1.0128,
            "avg": 0.10715068493150687,
            "min": 0,
            "med": 0,
            "max": 1.5183,
            "p(90)": 0.5055
        },
        "http_req_duration{expected_response:true}": {
            "avg": 2236.2549383561654,
            "min": 301.6451,
            "med": 1776.76145,
            "max": 6600.3305,
            "p(90)": 5057.430480000004,
            "p(95)": 5618.674724999999
        },
        "http_req_waiting": {
            "p(95)": 5618.124229999999,
            "avg": 2236.038474657536,
            "min": 301.6451,
            "med": 1776.76145,
            "max": 6599.4661,
            "p(90)": 5057.430480000004
        },
        "http_req_receiving": {
            "avg": 0.18705753424657537,
            "min": 0,
            "med": 0,
            "max": 2.5588,
            "p(90)": 0.8794300000000006,
            "p(95)": 1.009985
        },
        "http_req_duration": {
            "p(95)": 5618.674724999999,
            "avg": 2236.2549383561654,
            "min": 301.6451,
            "med": 1776.76145,
            "max": 6600.3305,
            "p(90)": 5057.430480000004
        },
        "vus": {
            "value": 1,
            "min": 1,
            "max": 50
        },
        "http_req_failed": {
            "passes": 0,
            "fails": 292,
            "value": 0
        },
        "data_received": {
            "count": 1097392,
            "rate": 31912.04824173743
        },
        "iteration_duration": {
            "med": 18809.4079,
            "max": 24474.5991,
            "p(90)": 22913.1047,
            "p(95)": 23223.71682,
            "avg": 17819.239310958907,
            "min": 9764.5615
        },
        "http_req_blocked": {
            "med": 0,
            "max": 18.441,
            "p(90)": 17.2525,
            "p(95)": 17.8,
            "avg": 2.9411195205479457,
            "min": 0
        },
        "checks": {
            "passes": 292,
            "fails": 0,
            "value": 1
        },
        "vus_max": {
            "value": 50,
            "min": 50,
            "max": 50
        },
        "data_sent": {
            "count": 50984,
            "rate": 1482.609557529799
        },
        "http_req_tls_handshaking": {
            "med": 0,
            "max": 0,
            "p(90)": 0,
            "p(95)": 0,
            "avg": 0,
            "min": 0
        },
        "http_req_sending": {
            "max": 1.043,
            "p(90)": 0,
            "p(95)": 0,
            "avg": 0.029406164383561646,
            "min": 0,
            "med": 0
        }
    }
}